rank,frozen_genomic_order,raw_feature_name,model_feature_name,feature_type,beta,abs_beta,hazard_ratio,direction,direction_display,is_active,standard_error,beta_ci_lower_95,beta_ci_upper_95,hazard_ratio_ci_lower_95,hazard_ratio_ci_upper_95,comparison_to,z_statistic,p_value,negative_log2_p_value
1,64,prkcz_mut,prkcz_mut_present,mutation_presence,0.45635555858205129,0.45635555858205129,1.5783114271848175,associated_with_higher_modeled_hazard,Associated with higher modeled hazard,true,0.38366629635795635,-0.29561656436141409,1.2083276815255166,0.74407267731149196,3.347881244857668,0,1.1894595978695941,0.2342588605380225,2.093824477899334
2,61,klrg1_mut,klrg1_mut_present,mutation_presence,-0.34840681747939878,0.34840681747939878,0.70581168127127891,associated_with_lower_modeled_hazard,Associated with lower modeled hazard,true,0.62698706498096946,-1.5772788836145735,0.8804652486557758,0.20653634368041787,2.4120216352325303,0,-0.55568421892399611,0.5784267466240085,0.78979383041012008
3,60,cbfb_mut,cbfb_mut_present,mutation_presence,-0.23514630340439624,0.23514630340439624,0.79045519488256633,associated_with_lower_modeled_hazard,Associated with lower modeled hazard,true,0.18383335450182456,-0.59545305738515664,0.1251604505763641,0.55131273297257999,1.1333302819761135,0,-1.2791275230853845,0.20085215291865216,2.3157941692848323
4,51,gata3_mut,gata3_mut_present,mutation_presence,-0.17336703420378949,0.17336703420378949,0.84082894521950158,associated_with_lower_modeled_hazard,Associated with lower modeled hazard,true,0.12146790459802642,-0.41143975249346854,0.064705684085889531,0.66269544553997739,1.0668449887155442,0,-1.4272661965933535,0.15350318023741169,2.7036595496162419
5,66,lama2_mut,lama2_mut_present,mutation_presence,-0.13721228818437423,0.13721228818437423,0.87178513680280945,associated_with_lower_modeled_hazard,Associated with lower modeled hazard,true,0.17205531038196925,-0.47443449988189446,0.20000992351314598,0.62223683199307589,1.2214148788266366,0,-0.79748941128151052,0.42516685005688659,1.2338989794927966
6,9,gsk3b,gsk3b,expression,0.10536603193012786,0.10536603193012786,1.1111172403194625,associated_with_higher_modeled_hazard,Associated with higher modeled hazard,true,0.046353240483120776,0.014515350016487127,0.1962167138437686,1.014621209284156,1.2167905721251089,0,2.2731103765765028,0.023019529275972967,5.440997857527992
7,16,nr2f1,nr2f1,expression,0.055303724788904642,0.055303724788904642,1.056861560987864,associated_with_higher_modeled_hazard,Associated with higher modeled hazard,true,0.043781725388267093,-0.030506880153121772,0.14111432973093105,0.96995375861387312,1.1515562975805236,0,1.2631691487363192,0.20652839759103789,2.2755879294798445
8,36,ctnna1,ctnna1,expression,0.054127375902999784,0.054127375902999784,1.0556190540221642,associated_with_higher_modeled_hazard,Associated with higher modeled hazard,true,0.042463816796128644,-0.029100175663519377,0.13735492746951894,0.97131915705172212,1.1472352615766555,0,1.2746705309809665,0.20242588155145921,2.304534334505326
9,7,cdk1,cdk1,expression,0.045908106642058195,0.045908106642058195,1.046978196194116,associated_with_higher_modeled_hazard,Associated with higher modeled hazard,true,0.055823364086786044,-0.063503676463909142,0.15531988974802552,0.93847066904077725,1.1680315426653529,0,0.82238158507765591,0.41085975661792073,1.2832820682782986
10,29,mmp9,mmp9,expression,0.042901284726590563,0.042901284726590563,1.0438348473221661,associated_with_higher_modeled_hazard,Associated with higher modeled hazard,true,0.043551779326697092,-0.042458634216371818,0.12826120366955296,0.95843011091355068,1.1368499132873859,0,0.98506388004891965,0.32459269406939084,1.6232975668082485
11,15,bcl2,bcl2,expression,-0.034545761591502376,0.034545761591502376,0.96604413095807429,associated_with_lower_modeled_hazard,Associated with lower modeled hazard,true,0.053579791206584348,-0.1395602226555836,0.070468699472578833,0.86974064353597036,1.0730109830953813,0,-0.64475356871598066,0.51908689557055931,0.94595202775866949
12,17,ccnd2,ccnd2,expression,-0.03149500328958247,0.03149500328958247,0.96899579823304272,associated_with_lower_modeled_hazard,Associated with lower modeled hazard,true,0.052666286041926885,-0.13471902713124373,0.071729020552078776,0.87396143664552994,1.0743641740043062,0,-0.5980107134288859,0.54983278458928808,0.86293516265591386
13,12,map2,map2,expression,0.030335673049279203,0.030335673049279203,1.0308004878295205,associated_with_higher_modeled_hazard,Associated with higher modeled hazard,true,0.041298734794142949,-0.050608359754312188,0.11127970585287059,0.95065091079180153,1.1177074924638475,0,0.73454243091198657,0.46261820979159085,1.1121060397671978
14,41,hla-g,hla-g,expression,-0.028963756162834971,0.028963756162834971,0.97145167296480406,associated_with_lower_modeled_hazard,Associated with lower modeled hazard,true,0.045260021634316902,-0.11767176850559978,0.059744256179929831,0.88898779852551346,1.0615650231323532,0,-0.63994127967614955,0.52221077562588447,0.93729586745178839
15,2,aurka,aurka,expression,0.026020675157914886,0.026020675157914886,1.0263621684539888,associated_with_higher_modeled_hazard,Associated with higher modeled hazard,true,0.058929702381713411,-0.089479419129907645,0.14152076944573741,0.91440708422405914,1.1520244309212422,0,0.44155449809278879,0.65881161675638644,0.60206210070793009
16,23,cbfb,cbfb,expression,0.014344658966634109,0.014344658966634109,1.0144480373046141,associated_with_higher_modeled_hazard,Associated with higher modeled hazard,true,0.047127591069963427,-0.07802372220862569,0.10671304014189389,0.92494248460469819,1.1126149328420158,0,0.3043792105847018,0.76083900442866337,0.39433688699934738
17,24,klrg1,klrg1,expression,-0.012307475889221438,0.012307475889221438,0.98776795133546968,associated_with_lower_modeled_hazard,Associated with lower modeled hazard,true,0.048250524629369893,-0.10687676639794927,0.082261814619506379,0.89863640836854275,1.0857400352349502,0,-0.25507444703989662,0.79866559982317309,0.32433651971989025
18,27,smad4,smad4,expression,0.0098670007034601399,0.0098670007034601399,1.009915840055374,associated_with_higher_modeled_hazard,Associated with higher modeled hazard,true,0.046152924056922215,-0.080591068229319648,0.10032506963623992,0.92257088286128142,1.1055302339821509,0,0.21378928648791093,0.8307113799552357,0.26758077677708519
19,49,psenen,psenen,expression,-0.0095340445173239443,0.0095340445173239443,0.99051126039111426,associated_with_lower_modeled_hazard,Associated with lower modeled hazard,true,0.040821779062343605,-0.089543261264368665,0.070475172229720787,0.91434870838747484,1.0730179284573631,0,-0.23355289103797791,0.81533210377022747,0.29454027251317405
20,65,ctnna1_mut,ctnna1_mut_present,mutation_presence,0.0080874823788923914,0.0080874823788923914,1.0081202744065445,associated_with_higher_modeled_hazard,Associated with higher modeled hazard,true,0.49289645713363123,-0.95797182171041551,0.97414678646820019,0.38367024906267777,2.6489061639582565,0,0.016408075695905765,0.98690883714366096,0.019011268842939761
21,53,erbb2_mut,erbb2_mut_present,mutation_presence,0.0059704936760801176,0.0059704936760801176,1.0059883525979507,associated_with_higher_modeled_hazard,Associated with higher modeled hazard,true,0.21126402223407775,-0.40809938113178151,0.42004036848394172,0.66491279575257323,1.5220229961393736,0,0.028260816077168547,0.97745413234829626,0.032899090253798606
22,10,igf1r,igf1r,expression,-0.0037782837283164262,0.0037782837283164262,0.99622884500469799,associated_with_lower_modeled_hazard,Associated with lower modeled hazard,true,0.047243461252625046,-0.096373766288475063,0.088817198831842206,0.90812452629407581,1.0928808581676879,0,-0.079974744189736713,0.93625734283255202,0.095022966574646206
23,19,chek2,chek2,expression,-0.0034389736795532506,0.0034389736795532506,0.99656693281772823,associated_with_lower_modeled_hazard,Associated with lower modeled hazard,true,0.045068314457886886,-0.09177124686093735,0.08489329950183086,0.91231382032734232,1.0886009062423161,0,-0.076305797563534922,0.93917581350558066,0.090532839532304718
24,11,lamb3,lamb3,expression,-0.0033784097231731335,0.0033784097231731335,0.99662729068171441,associated_with_lower_modeled_hazard,Associated with lower modeled hazard,true,0.039579763788588206,-0.08095332126540862,0.074196501819062358,0.9222367392838744,1.077018420782992,0,-0.085356995590438814,0.9319775808856694,0.10163284422892954
25,57,chek2_mut,chek2_mut_present,mutation_presence,-9.7202150550108833e-07,9.7202150550108833e-07,0.99999902797896689,effectively_zero_under_r8_threshold,Effectively zero under the R8 numerical coefficient threshold,false,0.0017619473282641184,-0.0034543253275597452,0.0034523812845487431,0.99655163399039215,1.0034583476168577,0,-0.00055167455343783174,0.99955982741355154,0.00063517461108795093
26,63,foxo1_mut,foxo1_mut_present,mutation_presence,6.7459858775996434e-07,6.7459858775996434e-07,1.0000006745988153,effectively_zero_under_r8_threshold,Effectively zero under the R8 numerical coefficient threshold,false,0.00096132270531099713,-0.0018834832813424062,0.0018848324785179259,0.99811828936020486,1.0018866098917871,0,0.00070173999223468379,0.99944009254045141,0.0008080019395188421
27,59,pten_mut,pten_mut_present,mutation_presence,-3.0724305708635704e-07,3.0724305708635704e-07,0.99999969275699008,effectively_zero_under_r8_threshold,Effectively zero under the R8 numerical coefficient threshold,false,0.00048613617471070236,-0.00095311663707213436,0.00095250215095796166,0.99904733743431728,1.000952955925194,0,-0.00063201027421832189,0.99949572879350312,0.00072769306162948902
28,68,nr3c1_mut,nr3c1_mut_present,mutation_presence,2.9321221073513072e-07,2.9321221073513072e-07,1.0000002932122538,effectively_zero_under_r8_threshold,Effectively zero under the R8 numerical coefficient threshold,false,0.0005349878051954792,-0.0010482636181405347,0.0010488500425620047,0.99895228561823457,1.0010494002781227,0,0.00054807269976554687,0.99956270127655245,0.00063102668334454959
29,56,nr2f1_mut,nr2f1_mut_present,mutation_presence,2.2665614278681325e-07,2.2665614278681325e-07,1.0000002266561685,effectively_zero_under_r8_threshold,Effectively zero under the R8 numerical coefficient threshold,false,0.00057620142442160456,-0.001129107383564236,0.0011295606958498098,0.99887152981833194,1.0011301988898029,0,0.00039336269085820541,0.99968614199026251,0.00045287246673526247
30,58,hras_mut,hras_mut_present,mutation_presence,1.8524218932784186e-07,1.8524218932784186e-07,1.0000001852422065,effectively_zero_under_r8_threshold,Effectively zero under the R8 numerical coefficient threshold,false,0.00086262910363956325,-0.0016905367329602859,0.0016909072173389415,0.9983108914193678,1.0016923376070528,0,0.00021474140919460857,0.99982866114635538,0.00024721089348507546
31,54,erbb3_mut,erbb3_mut_present,mutation_presence,-1.1423061927945844e-07,1.1423061927945844e-07,0.99999988576938725,effectively_zero_under_r8_threshold,Effectively zero under the R8 numerical coefficient threshold,false,0.00022739104624065656,-0.00044579249165784842,0.00044556403041928945,0.99955430685905111,1.0004456633088163,0,-0.00050235319801714552,0.99959918015609062,0.00057837672127641362
32,67,ttyh1_mut,ttyh1_mut_present,mutation_presence,1.0188263902887052e-07,1.0188263902887052e-07,1.0000001018826443,effectively_zero_under_r8_threshold,Effectively zero under the R8 numerical coefficient threshold,false,0.0003347133451353844,-0.00065592421897124945,0.00065612798424930722,0.99934429085229326,1.0006563432833007,0,0.00030438774106141832,0.9997571337246598,0.00035042452590484545
33,13,tgfbr2,tgfbr2,expression,9.3744281993613887e-08,9.3744281993613887e-08,1.0000000937442863,effectively_zero_under_r8_threshold,Effectively zero under the R8 numerical coefficient threshold,false,0.00022728434486337406,-0.00044537538590000078,0.00044556287446398802,0.99955472377899468,1.0004456621523459,0,0.0004124537572086884,0.99967090952440874,0.00047485533660988552
34,50,prkd1,prkd1,expression,7.7171995448552908e-08,7.7171995448552908e-08,1.0000000771719983,effectively_zero_under_r8_threshold,Effectively zero under the R8 numerical coefficient threshold,false,0.0001440263288507662,-0.00028220924537757531,0.00028236358936847242,0.99971783057190566,1.0002824034577191,0,0.00053581866638088903,0.99957247857916176,0.00061691491528606329
35,14,mapt,mapt,expression,-7.3979364342550209e-08,7.3979364342550209e-08,0.99999992602063836,effectively_zero_under_r8_threshold,Effectively zero under the R8 numerical coefficient threshold,false,0.00013204440425419275,-0.00025887625606260786,0.00025872829733392274,0.99974115724950408,1.0002587617703864,0,-0.00056026126029646705,0.9995529762137797,0.00064506318957844677
36,5,egfr,egfr,expression,7.2221935437529614e-08,7.2221935437529614e-08,1.000000072221938,effectively_zero_under_r8_threshold,Effectively zero under the R8 numerical coefficient threshold,false,0.00012590533848158241,-0.00024669770694978895,0.000246842150820664,0.99975333272042732,1.0002468726188511,0,0.00057362091479619295,0.99954231675342997,0.0006604484997628586
37,35,prkcz,prkcz,expression,-6.8478654422725943e-08,6.8478654422725943e-08,0.99999993152134792,effectively_zero_under_r8_threshold,Effectively zero under the R8 numerical coefficient threshold,false,0.00011382839698733106,-0.00022316803716751921,0.00022303107985867376,0.99977685686296658,1.0002230559531391,0,-0.00060159552655694097,0.9995199962464657,0.00069266528910394952
38,52,egfr_mut,egfr_mut_present,mutation_presence,-6.0166039830309016e-08,6.0166039830309016e-08,0.99999993983396196,effectively_zero_under_r8_threshold,Effectively zero under the R8 numerical coefficient threshold,false,0.0002573988765749102,-0.00050455269378772488,0.0005044323617080643,0.99949557457151772,1.0005045596091069,0,-0.0002337463186743903,0.9998134974228835,0.00026909143702228766
39,28,abcb1,abcb1,expression,-4.7308541883563235e-08,4.7308541883563235e-08,0.99999995269145925,effectively_zero_under_r8_threshold,Effectively zero under the R8 numerical coefficient threshold,false,6.5935473553362401e-05,-0.00012927846201006709,0.00012918384492629996,0.9998707298940902,1.0001291921895186,0,-0.00071749756745548873,0.99942751981763267,0.00082615082016422451
40,40,hdac2,hdac2,expression,4.4674509579989155e-08,4.4674509579989155e-08,1.0000000446745105,effectively_zero_under_r8_threshold,Effectively zero under the R8 numerical coefficient threshold,false,6.1888798137997589e-05,-0.00012125514088736485,0.00012134448990652482,0.99987875221022005,1.000121351852447,0,0.00072185130304801553,0.99942404604012125,0.00083116530115369413
41,42,chek1,chek1,expression,4.4468657462925653e-08,4.4468657462925653e-08,1.0000000444686585,effectively_zero_under_r8_threshold,Effectively zero under the R8 numerical coefficient threshold,false,6.1587044526568256e-05,-0.00012066392052887552,0.00012075285784380136,0.99987934335906936,1.0001207601487638,0,0.0007220456478268276,0.99942389097546314,0.00083138914110583381
42,62,smad4_mut,smad4_mut_present,mutation_presence,-3.7459490936899486e-08,3.7459490936899486e-08,0.99999996254050971,effectively_zero_under_r8_threshold,Effectively zero under the R8 numerical coefficient threshold,false,0.00028563046135533522,-0.00055986287663495359,0.00055978795765307984,0.99944029381734156,1.0005599446681719,0,-0.00013114669478581434,0.99989536007733004,0.00015097139647034141
43,55,lamb3_mut,lamb3_mut_present,mutation_presence,3.693174507709822e-08,3.693174507709822e-08,1.0000000369317457,effectively_zero_under_r8_threshold,Effectively zero under the R8 numerical coefficient threshold,false,0.00019715078775683456,-0.00038637151178201883,0.00038644537527217305,0.99961370312007825,1.0003865200549056,0,0.00018732740303655174,0.99985053435817606,0.00021564945673641512
44,3,csf1r,csf1r,expression,3.1382455004870227e-08,3.1382455004870227e-08,1.0000000313824555,effectively_zero_under_r8_threshold,Effectively zero under the R8 numerical coefficient threshold,false,4.6219935363708043e-05,-9.0558026225632095e-05,9.062079113564183e-05,0.99990944607402865,1.0000906248973236,0,0.00067898093664388315,0.99945825163519808,0.00078178946501746157
45,1,gata3,gata3,expression,-3.0252588237370343e-08,3.0252588237370343e-08,0.99999996974741223,effectively_zero_under_r8_threshold,Effectively zero under the R8 numerical coefficient threshold,false,4.5210444190873268e-05,-8.8641094927407075e-05,8.8580589750932343e-05,0.9999113628335784,1.0000885845131273,0,-0.00066915043147214867,0.99946609524171759,0.00077046744350512428
46,34,foxo1,foxo1,expression,2.8659878222816064e-08,2.8659878222816064e-08,1.0000000286598787,effectively_zero_under_r8_threshold,Effectively zero under the R8 numerical coefficient threshold,false,4.3864077865152449e-05,-8.5943352952536569e-05,8.6000672708982204e-05,0.99991406034007169,1.0000860043708728,0,0.00065337924829795017,0.9994786788225265,0.00075230359039079274
47,18,ccne1,ccne1,expression,-2.4459464834626131e-08,2.4459464834626131e-08,0.99999997554053544,effectively_zero_under_r8_threshold,Effectively zero under the R8 numerical coefficient threshold,false,4.0725578045183944e-05,-7.9845125682970289e-05,7.9796206753301037e-05,0.99992015806185419,1.0000797993905552,0,-0.00060059220786231704,0.99952079677881711,0.00069150981087911546
48,47,nr3c1,nr3c1,expression,-2.285589108293256e-08,2.285589108293256e-08,0.99999997714410915,effectively_zero_under_r8_threshold,Effectively zero under the R8 numerical coefficient threshold,false,3.9678340908251324e-05,-7.7790975037557826e-05,7.7745263255391955e-05,0.99992221205060183,1.0000777482854966,0,-0.00057602940444970966,0.99954039505703807,0.0006632221937559247
49,6,erbb2,erbb2,expression,2.2034233920783771e-08,2.2034233920783771e-08,1.0000000220342342,effectively_zero_under_r8_threshold,Effectively zero under the R8 numerical coefficient threshold,false,3.9172904897329503e-05,-7.6755448534657745e-05,7.6799517002499318e-05,0.9999232474970895,1.0000768024661608,0,0.00056248659573586771,0.99955120065326986,0.00064762592980178318
50,21,pten,pten,expression,2.1875532978249286e-08,2.1875532978249286e-08,1.0000000218755332,effectively_zero_under_r8_threshold,Effectively zero under the R8 numerical coefficient threshold,false,3.9077669925883572e-05,-7.6568950121497554e-05,7.6612701187454051e-05,0.99992343398120564,1.0000766156360155,0,0.00055979624731309166,0.99955334724040157,0.00064452767202129624
51,39,tsc2,tsc2,expression,-2.0812082991744292e-08,2.0812082991744292e-08,0.99999997918791728,effectively_zero_under_r8_threshold,Effectively zero under the R8 numerical coefficient threshold,false,3.8459384526247078e-05,-7.5399820622013065e-05,7.5358196456029578e-05,0.99992460302187303,1.0000753610359565,0,-0.00054114446312943023,0.99956822920877819,0.00062304809596254299
52,31,arrdc1,arrdc1,expression,-1.7643578446450539e-08,1.7643578446450539e-08,0.99999998235642173,effectively_zero_under_r8_threshold,Effectively zero under the R8 numerical coefficient threshold,false,3.6817518913081548e-05,-7.2178654648208553e-05,7.2143367491315661e-05,0.99992782395016822,1.0000721459698865,0,-0.0004792169317031746,0.99961764022355348,0.00055173404049019173
53,22,sox9,sox9,expression,1.680190077824452e-08,1.680190077824452e-08,1.000000016801901,effectively_zero_under_r8_threshold,Effectively zero under the R8 numerical coefficient threshold,false,3.6430627597311409e-05,-7.1385916124143081e-05,7.1419519925699582e-05,0.99992861663178978,1.0000714220703604,0,0.00046120261676426636,0.99963201356572751,0.00053098990837390674
54,30,pdgfra,pdgfra,expression,-1.5584953183833088e-08,1.5584953183833088e-08,0.99999998441504689,effectively_zero_under_r8_threshold,Effectively zero under the R8 numerical coefficient threshold,false,3.5906986901129623e-05,-7.0391986072749384e-05,7.0360816166381709e-05,0.99992961049138496,1.0000703632915466,0,-0.00043403678584188831,0.99965368876062977,0.00049970803989394846
55,37,lama2,lama2,expression,-1.4965067291913564e-08,1.4965067291913564e-08,0.99999998503493281,effectively_zero_under_r8_threshold,Effectively zero under the R8 numerical coefficient threshold,false,3.5656328554163692e-05,-6.9900084854379889e-05,6.9870154719796064e-05,0.99993010235809965,1.000069872595696,0,-0.00041970297836976963,0.99966512548326714,0.00048320271526479337
56,33,akr1c4,akr1c4,expression,1.3246465811452361e-08,1.3246465811452361e-08,1.0000000132464657,effectively_zero_under_r8_threshold,Effectively zero under the R8 numerical coefficient threshold,false,3.5017366081236187e-05,-6.8619529886865968e-05,6.8646022818488872e-05,0.99993138282437899,1.0000686483790104,0,0.00037828275778144227,0.99969817403514671,0.00043550854990619651
57,48,mlh1,mlh1,expression,-1.1543729704518581e-08,1.1543729704518581e-08,0.99999998845627025,effectively_zero_under_r8_threshold,Effectively zero under the R8 numerical coefficient threshold,false,3.4464341220521823e-05,-6.7560411272826501e-05,6.7537323813417473e-05,0.99993244187088026,1.0000675396045098,0,-0.00033494705819720865,0.99973275091857516,0.00038561045376891902
58,32,cdc25a,cdc25a,expression,9.9618718596322715e-09,9.9618718596322715e-09,1.0000000099618718,effectively_zero_under_r8_threshold,Effectively zero under the R8 numerical coefficient threshold,false,3.4020852753409854e-05,-6.666968424816401e-05,6.6689607991883277e-05,0.99993333253812566,1.0000666918317931,0,0.0002928166419530389,0.99976636612557823,0.000337101812746818
59,8,erbb3,erbb3,expression,-9.6903392463300453e-09,9.6903392463300453e-09,0.9999999903096608,effectively_zero_under_r8_threshold,Effectively zero under the R8 numerical coefficient threshold,false,3.3951462813382467e-05,-6.6553334675926903e-05,6.653395399743424e-05,0.99993344887994817,1.0000665361674301,0,-0.00028541742956979325,0.9997722698426541,0.00032858258416579777
60,20,hras,hras,expression,9.5558931832812525e-09,9.5558931832812525e-09,1.0000000095558932,effectively_zero_under_r8_threshold,Effectively zero under the R8 numerical coefficient threshold,false,3.3917829350365545e-05,-6.6468168067308756e-05,6.6487279853675324e-05,0.99993353404089236,1.0000664894901818,0,0.00028173657826302686,0.99977520673696429,0.00032434458241134323
61,4,hsd17b11,hsd17b11,expression,9.4541758342038882e-09,9.4541758342038882e-09,1.0000000094541759,effectively_zero_under_r8_threshold,Effectively zero under the R8 numerical coefficient threshold,false,3.3892709681503986e-05,-6.6419036138385608e-05,6.6437944490054025e-05,0.99993358316955694,1.0000664401515391,0,0.00027894423086989839,0.99977743470775016,0.00032112958087811288
62,38,ttyh1,ttyh1,expression,-6.1877953912345869e-09,6.1877953912345869e-09,0.99999999381220461,effectively_zero_under_r8_threshold,Effectively zero under the R8 numerical coefficient threshold,false,3.3231154193756058e-05,-6.5138053179850279e-05,6.5125677589067819e-05,0.99993486406825705,1.0000651277983121,0,-0.00018620464866060047,0.99985143018654254,0.00021435685697431689
63,25,mmp1,mmp1,expression,-5.9675981835226095e-09,5.9675981835226095e-09,0.99999999403240181,effectively_zero_under_r8_threshold,Effectively zero under the R8 numerical coefficient threshold,false,3.3196618262381807e-05,-6.5070143800976496e-05,6.5058208604609443e-05,0.99993493197321481,1.0000650603249357,0,-0.00017976524404851964,0.99985656808797729,0.00020694334967535094
64,43,mmp15,mmp15,expression,-5.2965707090337766e-09,5.2965707090337766e-09,0.99999999470342926,effectively_zero_under_r8_threshold,Effectively zero under the R8 numerical coefficient threshold,false,3.3099156424420701e-05,-6.4878451081231149e-05,6.4867857939813093e-05,0.99993512365347992,1.0000648699619046,0,-0.0001600213202148543,0.99987232145974614,0.00018421295712318505
65,45,bmp6,bmp6,expression,4.3981961431225759e-09,4.3981961431225759e-09,1.0000000043981963,effectively_zero_under_r8_threshold,Effectively zero under the R8 numerical coefficient threshold,false,3.2986971637937486e-05,-6.464887817325858e-05,6.4657674565544835e-05,0.99993535321152061,1.0000646597649183,0,0.00013333131005164236,0.99989361700655333,0.00015348638139555561
66,46,tgfbr3,tgfbr3,expression,-2.9410042744306559e-09,2.9410042744306559e-09,0.99999999705899567,effectively_zero_under_r8_threshold,Effectively zero under the R8 numerical coefficient threshold,false,3.2849395342234139e-05,-6.4386572788971137e-05,6.4380690780422288e-05,0.99993561549998178,1.0000643827632614,0,-8.9529936359267957e-05,0.99992856544614472,0.00010306195773143547
67,26,folr1,folr1,expression,2.7867733710281721e-09,2.7867733710281721e-09,1.0000000027867735,effectively_zero_under_r8_threshold,Effectively zero under the R8 numerical coefficient threshold,false,3.2838038798011177e-05,-6.4358586593659845e-05,6.4364160140401898e-05,0.99993564348437591,1.0000643662315576,0,8.4864184130172595e-05,0.99993228817779867,9.769081754837883e-05
68,44,rad51,rad51,expression,2.1452846741298123e-10,2.1452846741298123e-10,1.0000000002145284,effectively_zero_under_r8_threshold,Effectively zero under the R8 numerical coefficient threshold,false,3.2738860033239351e-05,-6.4166772031579503e-05,6.416720108851434e-05,0.99993583528661167,1.0000641692598473,0,6.552716471959414e-06,0.99999477168869577,7.5428785091096993e-06
