gene,raw_column,train_mutated_count,train_non_mutated_count,train_prevalence,distinct_nonzero_annotations,missing_count,retain_ge_1pct,retain_ge_2pct,retain_ge_5pct,retain_ge_10pct
pik3ca,pik3ca_mut,572,760,0.4294294294294294,122,0,True,True,True,True
tp53,tp53_mut,460,872,0.34534534534534533,270,0,True,True,True,True
muc16,muc16_mut,250,1082,0.18768768768768768,236,0,True,True,True,True
ahnak2,ahnak2_mut,222,1110,0.16666666666666666,181,0,True,True,True,True
kmt2c,kmt2c_mut,156,1176,0.11711711711711711,148,0,True,True,True,True
syne1,syne1_mut,168,1164,0.12612612612612611,149,0,True,True,True,True
gata3,gata3_mut,158,1174,0.11861861861861862,93,0,True,True,True,True
map3k1,map3k1_mut,134,1198,0.1006006006006006,131,0,True,True,True,True
ahnak,ahnak_mut,131,1201,0.09834834834834835,114,0,True,True,True,False
dnah11,dnah11_mut,127,1205,0.09534534534534535,112,0,True,True,True,False
cdh1,cdh1_mut,114,1218,0.08558558558558559,100,0,True,True,True,False
dnah2,dnah2_mut,114,1218,0.08558558558558559,99,0,True,True,True,False
kmt2d,kmt2d_mut,97,1235,0.07282282282282282,90,0,True,True,True,False
ush2a,ush2a_mut,96,1236,0.07207207207207207,92,0,True,True,True,False
ryr2,ryr2_mut,97,1235,0.07282282282282282,95,0,True,True,True,False
dnah5,dnah5_mut,91,1241,0.06831831831831832,87,0,True,True,True,False
herc2,herc2_mut,95,1237,0.07132132132132132,87,0,True,True,True,False
pde4dip,pde4dip_mut,76,1256,0.057057057057057055,67,0,True,True,True,False
akap9,akap9_mut,94,1238,0.07057057057057058,91,0,True,True,True,False
tg,tg_mut,83,1249,0.06231231231231231,79,0,True,True,True,False
birc6,birc6_mut,72,1260,0.05405405405405406,68,0,True,True,True,False
utrn,utrn_mut,82,1250,0.06156156156156156,75,0,True,True,True,False
tbx3,tbx3_mut,64,1268,0.04804804804804805,62,0,True,True,False,False
col6a3,col6a3_mut,69,1263,0.0518018018018018,62,0,True,True,True,False
arid1a,arid1a_mut,69,1263,0.0518018018018018,66,0,True,True,True,False
lama2,lama2_mut,60,1272,0.04504504504504504,54,0,True,True,False,False
notch1,notch1_mut,69,1263,0.0518018018018018,59,0,True,True,True,False
cbfb,cbfb_mut,67,1265,0.0503003003003003,50,0,True,True,True,False
ncor2,ncor2_mut,68,1264,0.05105105105105105,65,0,True,True,True,False
col12a1,col12a1_mut,50,1282,0.03753753753753754,47,0,True,True,False,False
col22a1,col22a1_mut,55,1277,0.04129129129129129,48,0,True,True,False,False
pten,pten_mut,61,1271,0.0457957957957958,56,0,True,True,False,False
akt1,akt1_mut,51,1281,0.038288288288288286,10,0,True,True,False,False
atr,atr_mut,59,1273,0.044294294294294295,56,0,True,True,False,False
thada,thada_mut,54,1278,0.04054054054054054,46,0,True,True,False,False
ncor1,ncor1_mut,54,1278,0.04054054054054054,53,0,True,True,False,False
stab2,stab2_mut,54,1278,0.04054054054054054,52,0,True,True,False,False
myh9,myh9_mut,44,1288,0.03303303303303303,41,0,True,True,False,False
runx1,runx1_mut,53,1279,0.03978978978978979,49,0,True,True,False,False
nf1,nf1_mut,50,1282,0.03753753753753754,47,0,True,True,False,False
map2k4,map2k4_mut,47,1285,0.03528528528528529,41,0,True,True,False,False
ros1,ros1_mut,41,1291,0.03078078078078078,35,0,True,True,False,False
lamb3,lamb3_mut,39,1293,0.02927927927927928,35,0,True,True,False,False
arid1b,arid1b_mut,50,1282,0.03753753753753754,44,0,True,True,False,False
erbb2,erbb2_mut,45,1287,0.033783783783783786,31,0,True,True,False,False
sf3b1,sf3b1_mut,45,1287,0.033783783783783786,18,0,True,True,False,False
shank2,shank2_mut,38,1294,0.028528528528528527,37,0,True,True,False,False
ep300,ep300_mut,40,1292,0.03003003003003003,39,0,True,True,False,False
ptprd,ptprd_mut,34,1298,0.025525525525525526,33,0,True,True,False,False
usp9x,usp9x_mut,45,1287,0.033783783783783786,42,0,True,True,False,False
setd2,setd2_mut,40,1292,0.03003003003003003,39,0,True,True,False,False
setd1a,setd1a_mut,36,1296,0.02702702702702703,31,0,True,True,False,False
thsd7a,thsd7a_mut,34,1298,0.025525525525525526,32,0,True,True,False,False
afdn,afdn_mut,33,1299,0.024774774774774775,28,0,True,True,False,False
erbb3,erbb3_mut,37,1295,0.027777777777777776,29,0,True,True,False,False
rb1,rb1_mut,38,1294,0.028528528528528527,36,0,True,True,False,False
myo1a,myo1a_mut,31,1301,0.023273273273273273,28,0,True,True,False,False
alk,alk_mut,34,1298,0.025525525525525526,34,0,True,True,False,False
fanca,fanca_mut,32,1300,0.024024024024024024,28,0,True,True,False,False
adgra2,adgra2_mut,29,1303,0.02177177177177177,27,0,True,True,False,False
ubr5,ubr5_mut,31,1301,0.023273273273273273,30,0,True,True,False,False
pik3r1,pik3r1_mut,29,1303,0.02177177177177177,26,0,True,True,False,False
myo3a,myo3a_mut,30,1302,0.02252252252252252,24,0,True,True,False,False
asxl2,asxl2_mut,33,1299,0.024774774774774775,30,0,True,True,False,False
apc,apc_mut,31,1301,0.023273273273273273,31,0,True,True,False,False
ctcf,ctcf_mut,28,1304,0.021021021021021023,27,0,True,True,False,False
asxl1,asxl1_mut,33,1299,0.024774774774774775,32,0,True,True,False,False
fancd2,fancd2_mut,31,1301,0.023273273273273273,30,0,True,True,False,False
taf1,taf1_mut,29,1303,0.02177177177177177,29,0,True,True,False,False
kdm6a,kdm6a_mut,28,1304,0.021021021021021023,27,0,True,True,False,False
ctnna3,ctnna3_mut,27,1305,0.02027027027027027,26,0,True,True,False,False
brca1,brca1_mut,27,1305,0.02027027027027027,27,0,True,True,False,False
ptprm,ptprm_mut,24,1308,0.018018018018018018,24,0,True,False,False,False
foxo3,foxo3_mut,25,1307,0.01876876876876877,25,0,True,False,False,False
usp28,usp28_mut,30,1302,0.02252252252252252,19,0,True,True,False,False
gldc,gldc_mut,22,1310,0.016516516516516516,21,0,True,False,False,False
brca2,brca2_mut,24,1308,0.018018018018018018,22,0,True,False,False,False
cacna2d3,cacna2d3_mut,25,1307,0.01876876876876877,22,0,True,False,False,False
arid2,arid2_mut,23,1309,0.017267267267267267,22,0,True,False,False,False
aff2,aff2_mut,24,1308,0.018018018018018018,22,0,True,False,False,False
lifr,lifr_mut,26,1306,0.01951951951951952,25,0,True,False,False,False
sbno1,sbno1_mut,21,1311,0.015765765765765764,19,0,True,False,False,False
kdm3a,kdm3a_mut,25,1307,0.01876876876876877,23,0,True,False,False,False
ncoa3,ncoa3_mut,26,1306,0.01951951951951952,22,0,True,False,False,False
bap1,bap1_mut,21,1311,0.015765765765765764,20,0,True,False,False,False
l1cam,l1cam_mut,22,1310,0.016516516516516516,22,0,True,False,False,False
pbrm1,pbrm1_mut,23,1309,0.017267267267267267,21,0,True,False,False,False
chd1,chd1_mut,22,1310,0.016516516516516516,21,0,True,False,False,False
jak1,jak1_mut,19,1313,0.014264264264264264,17,0,True,False,False,False
setdb1,setdb1_mut,23,1309,0.017267267267267267,23,0,True,False,False,False
fam20c,fam20c_mut,21,1311,0.015765765765765764,18,0,True,False,False,False
arid5b,arid5b_mut,19,1313,0.014264264264264264,19,0,True,False,False,False
egfr,egfr_mut,23,1309,0.017267267267267267,22,0,True,False,False,False
map3k10,map3k10_mut,20,1312,0.015015015015015015,18,0,True,False,False,False
smarcc2,smarcc2_mut,20,1312,0.015015015015015015,18,0,True,False,False,False
erbb4,erbb4_mut,15,1317,0.01126126126126126,15,0,True,False,False,False
npnt,npnt_mut,20,1312,0.015015015015015015,18,0,True,False,False,False
nek1,nek1_mut,18,1314,0.013513513513513514,18,0,True,False,False,False
agmo,agmo_mut,18,1314,0.013513513513513514,17,0,True,False,False,False
zfp36l1,zfp36l1_mut,17,1315,0.012762762762762763,17,0,True,False,False,False
smad4,smad4_mut,18,1314,0.013513513513513514,15,0,True,False,False,False
sik1,sik1_mut,21,1311,0.015765765765765764,20,0,True,False,False,False
casp8,casp8_mut,17,1315,0.012762762762762763,15,0,True,False,False,False
prkcq,prkcq_mut,18,1314,0.013513513513513514,17,0,True,False,False,False
smarcc1,smarcc1_mut,14,1318,0.010510510510510511,14,0,True,False,False,False
palld,palld_mut,16,1316,0.012012012012012012,15,0,True,False,False,False
dcaf4l2,dcaf4l2_mut,19,1313,0.014264264264264264,16,0,True,False,False,False
bcas3,bcas3_mut,17,1315,0.012762762762762763,15,0,True,False,False,False
cdkn1b,cdkn1b_mut,16,1316,0.012012012012012012,15,0,True,False,False,False
gps2,gps2_mut,15,1317,0.01126126126126126,12,0,True,False,False,False
men1,men1_mut,15,1317,0.01126126126126126,15,0,True,False,False,False
stk11,stk11_mut,16,1316,0.012012012012012012,16,0,True,False,False,False
sik2,sik2_mut,13,1319,0.00975975975975976,11,0,False,False,False,False
ptpn22,ptpn22_mut,14,1318,0.010510510510510511,13,0,True,False,False,False
brip1,brip1_mut,15,1317,0.01126126126126126,15,0,True,False,False,False
flt3,flt3_mut,10,1322,0.0075075075075075074,10,0,False,False,False,False
nrg3,nrg3_mut,12,1320,0.009009009009009009,12,0,False,False,False,False
fbxw7,fbxw7_mut,14,1318,0.010510510510510511,12,0,True,False,False,False
ttyh1,ttyh1_mut,14,1318,0.010510510510510511,13,0,True,False,False,False
taf4b,taf4b_mut,13,1319,0.00975975975975976,12,0,False,False,False,False
or6a2,or6a2_mut,11,1321,0.008258258258258258,7,0,False,False,False,False
map3k13,map3k13_mut,10,1322,0.0075075075075075074,10,0,False,False,False,False
hdac9,hdac9_mut,13,1319,0.00975975975975976,13,0,False,False,False,False
prkacg,prkacg_mut,13,1319,0.00975975975975976,12,0,False,False,False,False
rpgr,rpgr_mut,13,1319,0.00975975975975976,13,0,False,False,False,False
large1,large1_mut,11,1321,0.008258258258258258,10,0,False,False,False,False
foxp1,foxp1_mut,10,1322,0.0075075075075075074,10,0,False,False,False,False
clk3,clk3_mut,11,1321,0.008258258258258258,11,0,False,False,False,False
prkcz,prkcz_mut,10,1322,0.0075075075075075074,10,0,False,False,False,False
lipi,lipi_mut,10,1322,0.0075075075075075074,8,0,False,False,False,False
ppp2r2a,ppp2r2a_mut,12,1320,0.009009009009009009,11,0,False,False,False,False
prkce,prkce_mut,10,1322,0.0075075075075075074,10,0,False,False,False,False
gh1,gh1_mut,10,1322,0.0075075075075075074,10,0,False,False,False,False
gpr32,gpr32_mut,10,1322,0.0075075075075075074,8,0,False,False,False,False
kras,kras_mut,11,1321,0.008258258258258258,6,0,False,False,False,False
nf2,nf2_mut,10,1322,0.0075075075075075074,10,0,False,False,False,False
chek2,chek2_mut,8,1324,0.006006006006006006,8,0,False,False,False,False
ldlrap1,ldlrap1_mut,8,1324,0.006006006006006006,6,0,False,False,False,False
clrn2,clrn2_mut,9,1323,0.006756756756756757,7,0,False,False,False,False
acvrl1,acvrl1_mut,5,1327,0.0037537537537537537,5,0,False,False,False,False
agtr2,agtr2_mut,8,1324,0.006006006006006006,5,0,False,False,False,False
cdkn2a,cdkn2a_mut,11,1321,0.008258258258258258,9,0,False,False,False,False
ctnna1,ctnna1_mut,8,1324,0.006006006006006006,8,0,False,False,False,False
magea8,magea8_mut,10,1322,0.0075075075075075074,8,0,False,False,False,False
prr16,prr16_mut,10,1322,0.0075075075075075074,10,0,False,False,False,False
dtwd2,dtwd2_mut,9,1323,0.006756756756756757,9,0,False,False,False,False
akt2,akt2_mut,6,1326,0.0045045045045045045,6,0,False,False,False,False
braf,braf_mut,7,1325,0.005255255255255256,7,0,False,False,False,False
foxo1,foxo1_mut,8,1324,0.006006006006006006,8,0,False,False,False,False
nt5e,nt5e_mut,7,1325,0.005255255255255256,7,0,False,False,False,False
ccnd3,ccnd3_mut,7,1325,0.005255255255255256,7,0,False,False,False,False
nr3c1,nr3c1_mut,7,1325,0.005255255255255256,7,0,False,False,False,False
prkg1,prkg1_mut,6,1326,0.0045045045045045045,6,0,False,False,False,False
tbl1xr1,tbl1xr1_mut,5,1327,0.0037537537537537537,5,0,False,False,False,False
frmd3,frmd3_mut,5,1327,0.0037537537537537537,5,0,False,False,False,False
smad2,smad2_mut,7,1325,0.005255255255255256,6,0,False,False,False,False
sgcd,sgcd_mut,7,1325,0.005255255255255256,6,0,False,False,False,False
spaca1,spaca1_mut,4,1328,0.003003003003003003,4,0,False,False,False,False
rasgef1b,rasgef1b_mut,3,1329,0.0022522522522522522,3,0,False,False,False,False
hist1h2bc,hist1h2bc_mut,5,1327,0.0037537537537537537,3,0,False,False,False,False
nr2f1,nr2f1_mut,5,1327,0.0037537537537537537,5,0,False,False,False,False
klrg1,klrg1_mut,3,1329,0.0022522522522522522,3,0,False,False,False,False
mbl2,mbl2_mut,3,1329,0.0022522522522522522,3,0,False,False,False,False
mtap,mtap_mut,3,1329,0.0022522522522522522,3,0,False,False,False,False
ppp2cb,ppp2cb_mut,4,1328,0.003003003003003003,4,0,False,False,False,False
smarcd1,smarcd1_mut,2,1330,0.0015015015015015015,2,0,False,False,False,False
nras,nras_mut,2,1330,0.0015015015015015015,2,0,False,False,False,False
ndfip1,ndfip1_mut,2,1330,0.0015015015015015015,2,0,False,False,False,False
hras,hras_mut,2,1330,0.0015015015015015015,2,0,False,False,False,False
prps2,prps2_mut,2,1330,0.0015015015015015015,2,0,False,False,False,False
smarcb1,smarcb1_mut,1,1331,0.0007507507507507507,1,0,False,False,False,False
stmn2,stmn2_mut,2,1330,0.0015015015015015015,2,0,False,False,False,False
siah1,siah1_mut,1,1331,0.0007507507507507507,1,0,False,False,False,False
